Advair Diskus,
Alendronate Sodium,
Allopurinol,
Alprazolam,
Amlodipine Besylate,
Amoxicillin Trihydrate/Potassium Clavulanate,
Atenolol,
Azithromycin,
Benicar HCT,
Carvedilol,
Cephalexin,
Cialis,
Citalopram HBR,
Clindamycin HCl,
Clonazepam,
Diovan,
Doxycycline Hyclate,
Fluticasone Propionate,
Furosemide,
Gabapentin,
Glyburide,
Hydrochlorothiazide,
Hydrocodone/APAP,
Ibuprofen (Rx),
Klor-Con M20,
Lantus,
Lantus Solostar,
Levothyroxine Sodium,
Lisinopril,
Lorazepam,
Losartan Potassium,
Lovastatin,
Lyrica,
Metformin HCl,
Metoprolol Succinate,
Namenda,
Naproxen,
Niaspan,
None,
Potassium Chloride,
Prednisone,
Promethazine HCl,
Seroquel,
Sertraline HCl,
Simvastatin,
Suboxone,
Symbicort,
Tramadol HCl,
Tri-Sprintec,
Triamcinolone Acetonide,
Ventolin HFA,
Vytorin,
Vyvanse,
Zolpidem Tartrate,
