Ac Associates,
Ac Feugiat Non Incorporated,
Ac Tellus Corp.,
Accumsan Sed Facilisis Incorporated,
Aliquet Nec PC,
Amet Associates,
Amet LLP,
Ante Bibendum LLP,
Ante Inc.,
Ante LLP,
Ante Lectus Incorporated,
Arcu Iaculis Company,
At Libero Morbi Corp.,
Augue Eu PC,
Blandit Mattis Consulting,
Blandit Viverra Corporation,
Consectetuer Adipiscing Elit Ltd,
Consectetuer Foundation,
Cras Eget Nisi Corp.,
Curabitur Institute,
Dapibus Institute,
Diam Sed Corporation,
Dignissim Magna Company,
Dignissim Pharetra Incorporated,
Dis Associates,
Dolor Industries,
Donec Consectetuer LLP,
Donec Tempor LLC,
Duis A Inc.,
Duis Gravida Ltd,
Duis Ltd,
Egestas Inc.,
Elementum LLC,
Elit Fermentum Consulting,
Enim Limited,
Enim Nec Tempus Foundation,
Est Ac Mattis Corporation,
Et Magnis Company,
Etiam LLP,
Eu Tellus Inc.,
Faucibus Ut Nulla Foundation,
Fringilla Cursus LLC,
Fusce Aliquet Magna Foundation,
Gravida Non Sollicitudin PC,
Hendrerit Company,
Id LLC,
In Limited,
Justo LLC,
Laoreet Lectus Quis Limited,
Luctus Lobortis Consulting,
Magna Cras Convallis Associates,
Mauris Limited,
Mauris Rhoncus Id PC,
Metus Associates,
Mi Lacinia Ltd,
Molestie Tellus Aenean Limited,
Mollis Corporation,
Mollis Phasellus Corporation,
Nec Leo Morbi Associates,
Nec Ligula Consectetuer Consulting,
Neque Nullam Nisl Associates,
Neque Nullam Ut Consulting,
Nibh Dolor Incorporated,
Nibh LLP,
Nisi PC,
Non Leo Corp.,
Nonummy Fusce Fermentum Corp.,
Nulla Interdum Curabitur Industries,
Nunc Company,
Nunc Pulvinar Foundation,
Pede Ltd,
Pellentesque Habitant Morbi Corp.,
Pellentesque Habitant Morbi Ltd,
Penatibus Incorporated,
Praesent Luctus Curabitur Inc.,
Purus Gravida Sagittis Inc.,
Quisque Porttitor LLP,
Ridiculus Mus PC,
Sapien Imperdiet Ornare Limited,
Sapien Nunc Consulting,
Scelerisque Institute,
Sed Corporation,
Sem Magna Consulting,
Sem Semper Erat Industries,
Semper Auctor Limited,
Sociis LLP,
Suscipit Nonummy Fusce Foundation,
Tellus Non Industries,
Tempor Consulting,
Tempus Lorem Fringilla Corporation,
Tristique Limited,
Tristique Senectus Corp.,
Turpis LLC,
Ultrices Sit Consulting,
Ut Cursus Inc.,
Ut Mi Duis Associates,
Ut Quam Corp.,
Velit Eu Sem Company,
Vivamus Nibh PC,
Vulputate Incorporated,
