Amelia Harrison,
Amity Hebert,
Anjolie Brewer,
Anne Jensen,
Audra Beasley,
Audrey Brady,
Ava Schneider,
Azalia Herring,
Azalia Meyer,
Beatrice Mcintosh,
Bethany Fitzpatrick,
Brenna Frank,
Britanni Hewitt,
Brittany Riggs,
Candice Osborn,
Casey Carpenter,
Cherokee Diaz,
Cheyenne Rose,
Cynthia Christian,
Danielle Padilla,
Denise Pickett,
Desirae Riley,
Desiree Madden,
Destiny Stevenson,
Dominique Pearson,
Gail Waters,
Gemma George,
Gemma Valentine,
Georgia Delaney,
Georgia Estrada,
Heather Lynn,
Hermione Doyle,
Hillary Wheeler,
Idola Sears,
Iliana Knight,
Imelda Reeves,
Inez Dorsey,
Irma Charles,
Jada Cochran,
Jayme Perez,
Jemima Young,
Jenna Hurst,
Jocelyn Cherry,
Karleigh Estrada,
Katell Nunez,
Kiara Cooke,
Kiayada Grant,
Kimberley Summers,
Kirestin Richard,
Lacota Chapman,
Lara Ray,
Latifah Williams,
Leah Jefferson,
Lenore Delaney,
Lila Cline,
Lunea Bryant,
Lynn Irwin,
Lysandra Hartman,
Macey Diaz,
Madaline Chan,
Maile Hamilton,
Mari Melendez,
Maris Garrett,
Meghan Blair,
Morgan Hayden,
Nelle Holland,
Nina Lindsay,
Nola Noble,
Nola Oneal,
Orli Robertson,
Ramona Golden,
Raven Warren,
Rhiannon Pittman,
Rinah Hoover,
Sacha Graves,
Sacha Stephenson,
Samantha Franks,
Samantha Ortiz,
Savannah Summers,
Shay Shaffer,
Stacy Bernard,
Stacy Thompson,
Sydnee Mueller,
Tasha Boyd,
Tatyana Rivers,
Ulla Daniel,
Uma Velasquez,
Unity Riley,
Unity Wiggins,
Whilemina Gross,
Willow Grant,
Winter Quinn,
Xandra Ingram,
Xaviera Hudson,
Yoko Trevino,
Yvette Hunt,
Zena Bush,
Zenia Roach,
Zorita James,
Zorita Williamson,
